order_date,daily_revenue,daily_quantity,daily_orders,daily_ingredients_grams,dayofweek,dayofmonth,month,quarter,is_weekend,revenue_lag1,revenue_lag7,revenue_lag30,revenue_rolling_mean_7,revenue_rolling_std_7
2015-01-31,2417.85,145,54,4919.738095238095,5,31,1,1,1,2270.3,2289.25,2713.85,2111.35,316.6610201250958
2015-02-01,3189.2,191,87,6405.386904761905,6,1,2,1,1,2417.85,1617.55,2731.9,2335.8714285714286,440.9645279168751
2015-02-02,2328.6,145,63,4573.428571428572,0,2,2,1,0,3189.2,1884.4,2662.4,2399.328571428571,394.70179656835376
2015-02-03,2614.8,159,62,5053.291666666667,1,3,2,1,0,2328.6,2528.05,1755.45,2411.721428571429,400.73280775884336
2015-02-04,2233.9,138,57,4182.113095238095,2,4,2,1,0,2614.8,2016.0,1969.45,2442.85,372.3266475824696
2015-02-05,2215.8,133,60,4442.309523809524,3,5,2,1,0,2233.9,2045.3,2428.95,2467.207142857143,346.6784298027161
2015-02-06,2509.95,153,66,5051.744047619048,4,6,2,1,0,2215.8,2270.3,2202.2,2501.4428571428575,335.6500017733903
2015-02-07,2237.65,136,61,4531.476190476191,5,7,2,1,1,2509.95,2417.85,2838.35,2475.7000000000003,349.74409335017225
2015-02-08,2035.0,124,53,3993.7261904761904,6,8,2,1,1,2237.65,3189.2,2127.35,2310.8142857142857,195.25570139837643
2015-02-09,2195.35,136,54,4109.392857142857,0,9,2,1,0,2035.0,2328.6,2463.95,2291.7785714285715,199.67803012421325
2015-02-10,2056.5,124,59,3709.1190476190477,1,10,2,1,0,2195.35,2614.8,1872.3,2212.0214285714287,155.83786675351442
2015-02-11,2460.0,155,69,4829.047619047619,2,11,2,1,0,2056.5,2233.9,1919.05,2244.3214285714284,182.3112330995711
2015-02-12,2158.8,130,58,4048.5833333333335,3,12,2,1,0,2460.0,2215.8,2049.6,2236.1785714285716,185.0498195467538
2015-02-13,2754.5,163,71,5656.119047619048,4,13,2,1,0,2158.8,2509.95,2527.4,2271.114285714286,255.15465688200146
2015-02-14,2319.15,140,57,4432.023809523809,5,14,2,1,1,2754.5,2237.65,1984.8,2282.757142857143,255.2325972333406
2015-02-15,2141.25,128,55,4422.738095238095,6,15,2,1,1,2319.15,2035.0,2594.15,2297.9357142857143,240.79383248311257
2015-02-16,1968.8,119,49,3931.7559523809523,0,16,2,1,0,2141.25,2195.35,2064.1,2265.5714285714284,270.2974840448073
2015-02-17,2121.9,129,61,4301.916666666667,1,17,2,1,0,1968.8,2056.5,1976.85,2274.914285714286,262.8954080908196
2015-02-18,2642.85,163,61,5067.380952380952,2,18,2,1,0,2121.9,2460.0,2387.15,2301.035714285714,291.8411778609019
2015-02-19,2030.25,123,56,4120.327380952381,3,19,2,1,0,2642.85,2158.8,2397.9,2282.6714285714284,305.9849708416295
2015-02-20,2891.15,175,73,5529.553571428572,4,20,2,1,0,2030.25,2754.5,2040.55,2302.192857142857,343.199937388995
2015-02-21,2111.0,127,56,4086.1726190476193,5,21,2,1,1,2891.15,2319.15,2496.7,2272.457142857143,350.4270863634022
2015-02-22,1579.95,97,37,3105.9880952380954,6,22,2,1,1,2111.0,2141.25,2423.7,2192.2714285714287,438.5843598605472
2015-02-23,2168.55,128,54,4201.726190476191,0,23,2,1,0,1579.95,1968.8,2289.25,2220.807142857143,427.99156186052295
2015-02-24,2194.55,134,58,4159.505952380952,1,24,2,1,0,2168.55,2121.9,1617.55,2231.1857142857143,426.06992258146056
2015-02-25,2341.3,144,63,4795.0,2,25,2,1,0,2194.55,2642.85,1884.4,2188.1071428571427,391.3397505456647
2015-02-26,2261.3,140,55,4401.625,3,26,2,1,0,2341.3,2030.25,2528.05,2221.114285714286,385.50677005975535
2015-02-27,2857.95,173,71,5774.446428571428,4,27,2,1,0,2261.3,2891.15,2016.0,2216.371428571429,375.9758911343731
2015-02-28,2539.6,154,59,5036.375,5,28,2,1,1,2857.95,2111.0,2045.3,2277.6,390.5718521177213
2015-03-01,1598.55,99,49,3192.0416666666665,6,1,3,1,1,2539.6,1579.95,2270.3,2280.257142857143,385.0589104589193
2015-03-02,2379.05,139,58,4811.839285714285,0,2,3,1,0,1598.55,2168.55,2417.85,2310.328571428571,383.0956569591373
2015-03-03,2287.9,137,53,4319.005952380952,1,3,3,1,0,2379.05,2194.55,3189.2,2323.6642857142856,380.00595797334387
2015-03-04,2444.3,147,59,4754.589285714285,2,4,3,1,0,2287.9,2341.3,2328.6,2338.3785714285714,382.78661468362907
2015-03-05,2350.65,142,64,4660.363095238095,3,5,3,1,0,2444.3,2261.3,2614.8,2351.1428571428573,381.2747362779369
2015-03-06,2513.95,152,66,4682.0952380952385,4,6,3,1,0,2350.65,2857.95,2233.9,2302.0,322.7408893627632
2015-03-07,2400.45,144,58,4707.613095238095,5,7,3,1,1,2513.95,2539.6,2215.8,2282.1214285714286,309.68872256017494
2015-03-08,2188.15,135,62,4436.440476190476,6,8,3,1,1,2400.45,1598.55,2509.95,2366.35,105.94196131216157
2015-03-09,2334.55,138,56,4679.785714285715,0,9,3,1,0,2188.15,2379.05,2237.65,2359.9928571428572,106.38707012826812
2015-03-10,2388.7,144,59,4943.273809523809,1,10,3,1,0,2334.55,2287.9,2035.0,2374.3928571428573,101.72221335813079
2015-03-11,2207.7,134,62,4186.232142857143,2,11,3,1,0,2388.7,2444.3,2195.35,2340.5928571428567,113.27464569418733
2015-03-12,1994.9,119,51,3540.464285714286,3,12,3,1,0,2207.7,2350.65,2056.5,2289.7714285714287,172.3898461267941
2015-03-13,2786.65,176,71,5857.440476190476,4,13,3,1,0,1994.9,2513.95,2460.0,2328.7285714285713,246.41368478154746
2015-03-14,2039.45,123,56,3920.5,5,14,3,1,1,2786.65,2400.45,2158.8,2277.157142857143,265.90695965032
2015-03-15,2068.6,131,49,3960.339285714286,6,15,3,1,1,2039.45,2188.15,2754.5,2260.078571428571,276.2158377928748
2015-03-16,2295.05,141,66,4696.017857142857,0,16,3,1,0,2068.6,2334.55,2319.15,2254.4357142857143,274.84093841451664
2015-03-17,2965.3,179,71,6028.869047619048,1,17,3,1,0,2295.05,2388.7,2141.25,2336.807142857143,385.7959342154135
2015-03-18,2075.4,123,62,3943.7321428571427,2,18,3,1,0,2965.3,2207.7,1968.8,2317.907142857143,396.27338777306716
2015-03-19,2388.6,144,58,4922.136904761905,3,19,3,1,0,2075.4,1994.9,2121.9,2374.15,369.8460580656058
2015-03-20,2461.25,149,66,4799.886904761905,4,20,3,1,0,2388.6,2786.65,2642.85,2327.664285714286,327.3683828582701
2015-03-21,2267.4,136,56,4516.875,5,21,3,1,1,2461.25,2039.45,2030.25,2360.2285714285713,304.4562446082412
2015-03-22,1259.25,77,37,2356.3630952380954,6,22,3,1,1,2267.4,2068.6,2891.15,2244.607142857143,514.7313242755652
2015-03-23,2232.55,135,61,4312.934523809524,0,23,3,1,0,1259.25,2295.05,2111.0,2235.6785714285716,514.252349579095
2015-03-24,2162.3,130,60,4485.392857142857,1,24,3,1,0,2232.55,2965.3,1579.95,2120.964285714286,401.59147745178234
2015-03-25,1927.75,115,56,3900.7083333333335,2,25,3,1,0,2162.3,2075.4,2168.55,2099.8714285714286,408.2065621483234
2015-03-26,2215.5,136,65,4517.488095238095,3,26,3,1,0,1927.75,2388.6,2194.55,2075.1428571428573,392.751161072517
2015-03-27,2744.8,167,71,5246.428571428572,4,27,3,1,0,2215.5,2461.25,2341.3,2115.65,449.7030520243338
2015-03-28,2252.1,139,60,4445.476190476191,5,28,3,1,1,2744.8,2267.4,2261.3,2113.464285714286,448.87899419394984
2015-03-29,2154.25,132,54,4231.2797619047615,6,29,3,1,1,2252.1,1259.25,2857.95,2241.3214285714284,247.1515709996998
2015-03-30,2255.45,137,62,4583.869047619048,0,30,3,1,0,2154.25,2232.55,2539.6,2244.592857142857,247.16767491686716
2015-03-31,2756.6,161,62,5537.75,1,31,3,1,0,2255.45,2162.3,1598.55,2329.492857142857,308.61904433104905
2015-04-01,2176.85,135,67,4226.309523809524,2,1,4,2,0,2756.6,1927.75,2379.05,2365.078571428571,265.99260775621724
2015-04-02,2547.15,150,62,4944.851190476191,3,2,4,2,0,2176.85,2215.5,2287.9,2412.457142857143,264.44141038008763
2015-04-03,2538.2,155,64,5111.797619047619,4,3,4,2,0,2547.15,2744.8,2444.3,2382.942857142857,230.52020777033104
2015-04-04,2767.55,170,66,5176.136904761905,5,4,4,2,1,2538.2,2252.1,2350.65,2456.578571428571,261.942954758511
2015-04-05,1909.85,117,50,3776.404761904762,6,5,4,2,1,2767.55,2154.25,2513.95,2421.664285714286,319.02486412280126
2015-04-06,2622.35,157,60,5132.4702380952385,0,6,4,2,0,1909.85,2255.45,2400.45,2474.078571428571,317.30058022998634
2015-04-07,2234.25,138,61,4469.482142857143,1,7,4,2,0,2622.35,2756.6,2188.15,2399.457142857143,300.77644858567294
2015-04-08,2293.95,136,60,4487.583333333333,2,8,4,2,0,2234.25,2176.85,2334.55,2416.1857142857143,289.3722324767389
2015-04-09,2047.3,122,52,4139.934523809524,3,9,4,2,0,2293.95,2547.15,2388.7,2344.7785714285715,312.42329706284653
2015-04-10,2424.95,142,59,5019.386904761905,4,10,4,2,0,2047.3,2538.2,2207.7,2328.6,303.5438697014552
2015-04-11,2543.75,153,63,4677.964285714285,5,11,4,2,1,2424.95,2767.55,1994.9,2296.6285714285714,257.9697977431075
2015-04-12,1994.3,120,53,4055.595238095238,6,12,4,2,1,2543.75,1909.85,2786.65,2308.692857142857,238.07441838735403
2015-04-13,2496.2,144,66,4787.791666666667,0,13,4,2,0,1994.3,2622.35,2039.45,2290.6714285714284,213.92416658157114
2015-04-14,2505.7,146,50,5056.148809523809,1,14,4,2,0,2496.2,2234.25,2068.6,2329.45,226.24056518081355
2015-04-15,2578.85,158,67,5209.357142857143,2,15,4,2,0,2505.7,2293.95,2295.05,2370.15,243.73942370217245
2015-04-16,2017.95,126,55,4109.386904761905,3,16,4,2,0,2578.85,2047.3,2965.3,2365.9571428571426,250.38074245132486
2015-04-17,2675.65,161,64,5137.845238095238,4,17,4,2,0,2017.95,2424.95,2075.4,2401.7714285714287,276.76523272914795
2015-04-18,2286.2,137,62,4678.047619047619,5,18,4,2,1,2675.65,2543.75,2388.6,2364.9785714285713,271.8200398197667
2015-04-19,1527.95,95,50,3051.5416666666665,6,19,4,2,1,2286.2,1994.3,2461.25,2298.3571428571427,403.20840912669075
2015-04-20,2459.45,151,70,5133.196428571428,0,20,4,2,0,1527.95,2496.2,2267.4,2293.1071428571427,400.4327455272319
2015-04-21,2213.15,134,62,4358.160714285715,1,21,4,2,0,2459.45,2505.7,1259.25,2251.3142857142857,389.66849662489466
2015-04-22,2193.45,134,59,4343.1547619047615,2,22,4,2,0,2213.15,2578.85,2232.55,2196.2571428571428,361.91592765513536
2015-04-23,2426.15,144,57,4772.982142857143,3,23,4,2,0,2193.45,2017.95,2162.3,2254.5714285714284,361.2829521962251
2015-04-24,2979.2,175,71,5979.065476190476,4,24,4,2,0,2426.15,2675.65,1927.75,2297.9357142857143,431.6187367672679
2015-04-25,2089.2,126,62,4123.6547619047615,5,25,4,2,1,2979.2,2286.2,2215.5,2269.792857142857,438.87301355154005
2015-04-26,1767.4,111,56,3418.1666666666665,6,26,4,2,1,2089.2,1527.95,2744.8,2304.0,376.2831358609285
2015-04-27,2180.8,133,67,4589.833333333333,0,27,4,2,0,1767.4,2459.45,2252.1,2264.192857142857,371.80982305986794
2015-04-28,1742.8,107,48,3165.214285714286,1,28,4,2,0,2180.8,2213.15,2154.25,2197.0,421.72191568220364
2015-04-29,1828.75,111,53,3588.375,2,29,4,2,0,1742.8,2193.45,2255.45,2144.9,444.1641654088435
2015-04-30,2667.5,163,63,5359.5952380952385,3,30,4,2,0,1828.75,2426.15,2756.6,2179.378571428572,477.73399664208546
2015-05-01,2571.95,154,75,5024.375,4,1,5,2,0,2667.5,2979.2,2176.85,2121.2,378.61224997790885
2015-05-02,2400.2,152,68,4799.285714285715,5,2,5,2,1,2571.95,2089.2,2547.15,2165.628571428572,392.2335888399753
2015-05-03,1832.25,114,49,3670.2023809523807,6,3,5,2,1,2400.2,1767.4,2538.2,2174.8928571428573,381.8895165583155
2015-05-04,2288.9,141,55,4389.940476190476,0,4,5,2,0,1832.25,2180.8,2767.55,2190.3357142857144,384.34597664331784
2015-05-05,1713.6,107,49,3277.0714285714284,1,5,5,2,0,2288.9,1742.8,1909.85,2186.1642857142856,390.1277351867024
2015-05-06,2309.8,140,55,4668.101190476191,2,6,5,2,0,1713.6,1828.75,2622.35,2254.885714285714,357.696396769531
2015-05-07,2228.85,131,58,4200.5952380952385,3,7,5,2,0,2309.8,2667.5,2234.25,2192.2214285714285,308.38825482545013
2015-05-08,3052.3,181,71,6358.488095238095,4,8,5,2,0,2228.85,2571.95,2293.95,2260.842857142857,434.58772649927727
2015-05-09,2368.4,144,56,4702.851190476191,5,9,5,2,1,3052.3,2400.2,2047.3,2256.3,433.0516934116155
2015-05-10,2288.35,141,55,4466.601190476191,6,10,5,2,1,2368.4,1832.25,2424.95,2321.457142857143,390.8736458547834
2015-05-11,2388.05,144,60,4708.666666666667,0,11,5,2,0,2288.35,2288.9,2543.75,2335.6214285714286,391.29347347094034
2015-05-12,2299.7,142,62,4403.839285714285,1,12,5,2,0,2388.05,1713.6,1994.3,2419.35,284.00993820639616
2015-05-13,2261.8,137,63,4838.744047619048,2,13,5,2,0,2299.7,2309.8,2496.2,2412.4928571428572,287.6518518229004
2015-05-14,2694.5,164,69,5317.369047619048,3,14,5,2,0,2261.8,2228.85,2505.7,2479.0142857142855,291.91584220211865
2015-05-15,3386.15,208,94,6647.297619047619,4,15,5,2,0,2694.5,3052.3,2578.85,2526.707142857143,406.1209973934003
2015-05-16,2281.1,142,61,4497.375,5,16,5,2,1,3386.15,2368.4,2017.95,2514.235714285714,413.07355046678896
2015-05-17,1828.4,109,49,3751.0119047619046,6,17,5,2,1,2281.1,2288.35,2675.65,2448.5285714285715,485.2667340899091
2015-05-18,2209.65,134,57,4462.6547619047615,0,18,5,2,0,1828.4,2388.05,2286.2,2423.042857142857,493.5857713614495
2015-05-19,1987.0,119,46,4028.9940476190477,1,19,5,2,0,2209.65,2299.7,1527.95,2378.371428571429,520.05010003616
2015-05-20,2373.0,141,64,4602.464285714285,2,20,5,2,0,1987.0,2261.8,2459.45,2394.2571428571428,517.5883341908675
2015-05-21,2062.55,123,58,4083.3511904761904,3,21,5,2,0,2373.0,2694.5,2213.15,2303.9785714285713,511.56922214654406
2015-05-22,2635.1,154,71,5206.392857142857,4,22,5,2,0,2062.55,3386.15,2193.45,2196.6857142857143,267.1399488318922
2015-05-23,2444.15,148,59,5071.196428571428,5,23,5,2,1,2635.1,2281.1,2426.15,2219.9785714285713,282.39966191130657
2015-05-24,2196.95,134,59,4359.4702380952385,6,24,5,2,1,2444.15,1828.4,2979.2,2272.6285714285714,225.9387063953854
2015-05-25,2104.4,125,56,4166.208333333333,0,25,5,2,0,2196.95,2209.65,2089.2,2257.592857142857,234.1800721463663
2015-05-26,1876.45,115,48,3602.404761904762,1,26,5,2,0,2104.4,1987.0,1767.4,2241.8,257.9875061574387
2015-05-27,2097.0,124,55,4662.107142857143,2,27,5,2,0,1876.45,2373.0,2180.8,2202.3714285714286,255.6744786786907
2015-05-28,2016.4,121,54,3874.9523809523807,3,28,5,2,0,2097.0,2062.55,1742.8,2195.7785714285715,260.43160147651105
2015-05-29,3001.2,181,68,6060.863095238095,4,29,5,2,0,2016.4,2635.1,1828.75,2248.078571428571,374.94467242641747
2015-05-30,2486.95,150,59,5088.738095238095,5,30,5,2,1,3001.2,2444.15,2667.5,2254.192857142857,379.001958469624
2015-05-31,1717.65,108,50,3629.7619047619046,6,31,5,2,1,2486.95,2196.95,2571.95,2185.7214285714285,430.8205435146829
2015-06-01,3067.75,184,72,5874.666666666667,0,1,6,2,0,1717.65,2104.4,2400.2,2323.3428571428567,540.4352670368061
2015-06-02,2449.95,147,59,4928.172619047619,1,2,6,2,0,3067.75,1876.45,1832.25,2405.2714285714287,503.61224738312967
2015-06-03,1907.05,113,51,3705.672619047619,2,3,6,2,0,2449.95,2097.0,2288.9,2378.1357142857146,527.5399927290558
2015-06-04,2283.6,141,56,4676.309523809524,3,4,6,2,0,1907.05,2016.4,1713.6,2416.307142857143,506.24031384031804
2015-06-05,2700.15,159,69,5482.446428571428,4,5,6,2,0,2283.6,3001.2,2309.8,2373.2999999999997,458.8382694370653
2015-06-06,2280.95,136,61,4529.869047619048,5,6,6,2,1,2700.15,2486.95,2228.85,2343.871428571428,456.9364031762189
2015-06-07,1960.75,117,55,4234.333333333333,6,7,6,2,1,2280.95,1717.65,3052.3,2378.5999999999995,408.0301245006317
2015-06-08,2264.95,136,58,4416.410714285715,0,8,6,2,0,1960.75,3067.75,2368.4,2263.9142857142856,272.2897976946115
2015-06-09,2442.55,147,65,4712.898809523809,1,9,6,2,0,2264.95,2449.95,2288.35,2262.8571428571427,271.4602525057347
2015-06-10,2019.4,124,54,3604.3333333333335,2,10,6,2,0,2442.55,1907.05,2388.05,2278.907142857143,249.33693807873158
2015-06-11,2650.5,158,68,5088.863095238095,3,11,6,2,0,2019.4,2283.6,2299.7,2331.3214285714284,286.31040244395604
2015-06-12,2138.6,131,61,4325.333333333333,4,12,6,2,0,2650.5,2700.15,2261.8,2251.1,240.79748406770025
2015-06-13,2508.9,153,64,4811.196428571428,5,13,6,2,1,2138.6,2280.95,2694.5,2283.6642857142856,260.14334464272923
2015-06-14,1859.0,113,48,3535.3988095238096,6,14,6,2,1,2508.9,1960.75,3386.15,2269.1285714285714,283.0295830491106
2015-06-15,2595.6,152,73,4949.648809523809,0,15,6,2,0,1859.0,2264.95,2281.1,2316.364285714286,308.6481582566777
2015-06-16,1898.3,116,54,3630.9166666666665,1,16,6,2,0,2595.6,2442.55,1828.4,2238.6142857142854,338.6545901483876
2015-06-17,2137.1,126,54,4129.386904761905,2,17,6,2,0,1898.3,2019.4,2209.65,2255.4285714285716,328.73312232613057
2015-06-18,1984.5,116,56,3920.714285714286,3,18,6,2,0,2137.1,2650.5,1987.0,2160.285714285714,289.3522963941575
2015-06-19,2793.45,167,74,5553.172619047619,4,19,6,2,0,1984.5,2138.6,2373.0,2253.835714285714,374.5027889463206
2015-06-20,2060.6,128,48,3895.220238095238,5,20,6,2,1,2793.45,2508.9,2062.55,2189.792857142857,361.7286902599015
2015-06-21,1925.2,115,51,4125.488095238095,6,21,6,2,1,2060.6,1859.0,2635.1,2199.25,352.383615538522
2015-06-22,2319.3,140,55,4563.285714285715,0,22,6,2,0,1925.2,2595.6,2444.15,2159.7785714285715,313.9686819004192
2015-06-23,2042.75,124,59,4137.1547619047615,1,23,6,2,0,2319.3,1898.3,2196.95,2180.414285714286,298.27331246454537
2015-06-24,2327.5,137,62,4772.0,2,24,6,2,0,2042.75,2137.1,2104.4,2207.6142857142854,302.31909565100085
2015-06-25,2399.15,148,60,4692.428571428572,3,25,6,2,0,2327.5,1984.5,1876.45,2266.85,291.75471147295553
2015-06-26,2745.5,163,64,5436.0952380952385,4,26,6,2,0,2399.15,2793.45,2097.0,2260.0,277.5471956863089
2015-06-27,2812.9,173,71,5173.934523809524,5,27,6,2,1,2745.5,2060.6,2016.4,2367.471428571429,328.4514092134276
2015-06-28,1569.7,95,45,3181.7083333333335,6,28,6,2,1,2812.9,1925.2,3001.2,2316.6857142857143,422.3077242113531
2015-06-29,1873.6,118,53,3739.9761904761904,0,29,6,2,0,1569.7,2319.3,2486.95,2253.0142857142855,454.2397758107191
2015-06-30,2210.95,130,53,4279.577380952381,1,30,6,2,0,1873.6,2042.75,1717.65,2277.042857142857,445.63052187188714
2015-07-01,2231.5,137,66,4634.613095238095,2,1,7,3,0,2210.95,2327.5,3067.75,2263.328571428571,445.2959744719834
2015-07-02,2294.8,138,63,4857.869047619048,3,2,7,3,0,2231.5,2399.15,2449.95,2248.421428571429,441.72360500010257
2015-07-03,3443.0,213,93,6792.017857142857,4,3,7,3,0,2294.8,2745.5,1907.05,2348.0642857142857,616.596629838805
2015-07-04,3864.2,234,105,7641.285714285715,5,4,7,3,1,3443.0,2812.9,2283.6,2498.25,837.2428406183401
2015-07-05,1591.45,96,41,3107.8869047619046,6,5,7,3,1,3864.2,1569.7,2700.15,2501.3571428571427,833.2533630438045
2015-07-06,2116.9,130,58,4190.214285714285,0,6,7,3,0,1591.45,1873.6,2280.95,2536.1142857142863,807.3762912020879
2015-07-07,2374.4,142,53,4673.559523809524,1,7,7,3,0,2116.9,2210.95,1960.75,2559.464285714286,798.7221036935013
2015-07-08,2396.05,142,66,4581.0952380952385,2,8,7,3,0,2374.4,2231.5,2264.95,2582.9714285714285,789.8330571799881
2015-07-09,2297.75,135,58,4609.148809523809,3,9,7,3,0,2396.05,2294.8,2442.55,2583.3928571428573,789.6544388890268
2015-07-10,2432.4,148,71,4573.517857142857,4,10,7,3,0,2297.75,3443.0,2019.4,2439.0214285714287,692.7358123514955
2015-07-11,2085.55,125,53,4189.071428571428,5,11,7,3,1,2432.4,3864.2,2650.5,2184.9285714285716,294.7211292860077
2015-07-12,2185.65,128,58,4654.232142857143,6,12,7,3,1,2085.55,1591.45,2138.6,2269.8142857142857,140.53936493110658
2015-07-13,2059.5,124,54,3849.3809523809523,0,13,7,3,0,2185.65,2116.9,2508.9,2261.614285714286,152.14385658066755
2015-07-14,1956.5,119,59,3931.464285714286,1,14,7,3,0,2059.5,2374.4,1859.0,2201.914285714286,179.95925398611377
2015-07-15,2501.8,154,62,5007.696428571428,2,15,7,3,0,1956.5,2396.05,2595.6,2217.0214285714287,202.05493654190423
2015-07-16,2463.9,146,56,4814.303571428572,3,16,7,3,0,2501.8,2297.75,1898.3,2240.7571428571428,221.90291501122022
2015-07-17,3131.65,187,82,6094.333333333333,4,17,7,3,0,2463.9,2432.4,2137.1,2340.65,404.6723860112039
2015-07-18,2122.2,130,54,4080.1785714285716,5,18,7,3,1,3131.65,2085.55,1984.5,2345.8857142857146,401.0425878406253
2015-07-19,2022.7,121,53,3900.547619047619,6,19,7,3,1,2122.2,2185.65,2793.45,2322.6071428571427,416.3314429119469
2015-07-20,2501.0,149,59,4847.547619047619,0,20,7,3,0,2022.7,2059.5,2060.6,2385.6785714285716,403.0599271584232
2015-07-21,2030.85,119,55,3970.0,1,21,7,3,0,2501.0,1956.5,1925.2,2396.2999999999997,390.6539805249667
2015-07-22,2292.1,137,65,4668.148809523809,2,22,7,3,0,2030.85,2501.8,2319.3,2366.342857142857,389.25325349590054
2015-07-23,2214.5,137,65,4533.255952380952,3,23,7,3,0,2292.1,2463.9,2042.75,2330.714285714286,390.2481397716573
2015-07-24,3204.4,196,75,6007.708333333333,4,24,7,3,0,2214.5,3131.65,2327.5,2341.1071428571427,415.2979436787647
2015-07-25,2237.25,135,57,4329.452380952381,5,25,7,3,1,3204.4,2122.2,2399.15,2357.542857142857,407.39197589521865
2015-07-26,1871.55,112,57,3788.065476190476,6,26,7,3,1,2237.25,2022.7,2745.5,2335.95,431.39596853316505
2015-07-27,2172.0,129,53,4377.732142857143,0,27,7,3,0,1871.55,2501.0,2812.9,2288.95,428.3281432889205
2015-07-28,2094.55,132,60,4382.601190476191,1,28,7,3,0,2172.0,2030.85,1569.7,2298.0499999999997,422.568745886395
2015-07-29,1923.25,116,49,3911.5,2,29,7,3,0,2094.55,2292.1,1873.6,2245.3571428571427,445.7932905026088
2015-07-30,2349.15,149,67,4829.744047619048,3,30,7,3,0,1923.25,2214.5,2210.95,2264.592857142857,447.1429026129604
2015-07-31,2095.4,132,68,3934.7976190476193,4,31,7,3,0,2349.15,3204.4,2231.5,2106.1642857142856,167.98418753532954
2015-08-01,2440.55,154,74,4545.059523809524,5,1,8,3,1,2095.4,2237.25,2294.8,2135.207142857143,207.3797049467707
2015-08-02,1910.15,114,48,3475.8214285714284,6,2,8,3,1,2440.55,1871.55,3443.0,2140.7214285714285,199.5665424888464
2015-08-03,1982.25,117,58,3906.7916666666665,0,3,8,3,0,1910.15,2172.0,3864.2,2113.614285714286,207.34516053006442
2015-08-04,2090.15,122,58,4228.589285714285,1,4,8,3,0,1982.25,2094.55,1591.45,2112.985714285714,207.4192427474
2015-08-05,2094.85,130,60,4201.5,2,5,8,3,0,2090.15,1923.25,2116.9,2137.5000000000005,190.72627200607022
2015-08-06,2099.25,132,61,4178.190476190476,3,6,8,3,0,2094.85,2349.15,2374.4,2101.8,166.3354918029624
2015-08-07,2626.4,161,65,5060.940476190476,4,7,8,3,0,2099.25,2095.4,2396.05,2177.657142857143,258.4856643809796
2015-08-08,2716.4,167,69,5435.446428571428,5,8,8,3,1,2626.4,2440.55,2297.75,2217.0642857142857,319.1524671092252
2015-08-09,2002.65,126,55,3906.7440476190477,6,9,8,3,1,2716.4,1910.15,2432.4,2230.2785714285715,305.96965244005173
2015-08-10,2139.45,125,59,4145.208333333333,0,10,8,3,0,2002.65,1982.25,2085.55,2252.735714285714,290.0879072429112
2015-08-11,2290.0,137,64,4574.559523809524,1,11,8,3,0,2139.45,2090.15,2185.65,2281.285714285714,281.1152665638041
2015-08-12,2365.75,144,54,4534.4702380952385,2,12,8,3,0,2290.0,2094.85,2059.5,2319.985714285714,269.5820433471762
2015-08-13,2074.15,132,55,4283.827380952381,3,13,8,3,0,2365.75,2099.25,1956.5,2316.4,273.15069406221056
2015-08-14,3016.6,188,81,6057.666666666667,4,14,8,3,0,2074.15,2626.4,2501.8,2372.1428571428573,369.706412157643
2015-08-15,2252.35,140,72,4401.976190476191,5,15,8,3,1,3016.6,2716.4,2463.9,2305.85,337.92778691114955
2015-08-16,2139.3,128,50,4110.2797619047615,6,16,8,3,1,2252.35,2002.65,3131.65,2325.371428571428,321.0171839340584
2015-08-17,2626.0,161,62,5413.517857142857,0,17,8,3,0,2139.3,2139.45,2122.2,2394.878571428572,326.67625520427185
2015-08-18,2101.2,128,57,4301.821428571428,1,18,8,3,0,2626.0,2290.0,2022.7,2367.907142857143,344.1074534557633
2015-08-19,2332.95,138,56,4531.636904761905,2,19,8,3,0,2101.2,2365.75,2501.0,2363.2214285714285,344.3649455363982
2015-08-20,1907.7,116,55,3714.1369047619046,3,20,8,3,0,2332.95,2074.15,2030.85,2339.442857142857,372.26845871916623
2015-08-21,2601.4,163,69,5302.392857142857,4,21,8,3,0,1907.7,3016.6,2292.1,2280.1285714285714,263.6143930332453
2015-08-22,2406.0,148,60,4745.880952380952,5,22,8,3,1,2601.4,2252.35,2214.5,2302.078571428571,267.2871861518113
2015-08-23,1701.6,105,48,3314.5535714285716,6,23,8,3,1,2406.0,2139.3,3204.4,2239.55,350.0865452522665
2015-08-24,1697.05,106,54,3269.095238095238,0,24,8,3,0,1701.6,2626.0,2237.25,2106.842857142857,355.21070792391646
2015-08-25,1958.9,115,53,3632.184523809524,1,25,8,3,0,1697.05,2101.2,1871.55,2086.5142857142855,359.63184266956273
2015-08-26,2329.4,139,59,4378.732142857143,2,26,8,3,0,1958.9,2332.95,2172.0,2086.0071428571428,359.22868346473933
2015-08-27,2117.65,128,59,4259.392857142857,3,27,8,3,0,2329.4,1907.7,2094.55,2116.0,350.51921369115706
2015-08-28,2647.2,161,68,5157.315476190476,4,28,8,3,0,2117.65,2601.4,1923.25,2122.542857142857,361.3499993410957
2015-08-29,2035.0,123,60,3873.8214285714284,5,29,8,3,1,2647.2,2406.0,2349.15,2069.542857142857,339.38565382733816
2015-08-30,1494.6,94,41,3063.6488095238096,6,30,8,3,1,2035.0,1701.6,2095.4,2039.9714285714285,383.00387058220787
2015-08-31,2081.35,126,57,4163.613095238095,0,31,8,3,0,1494.6,1697.05,2440.55,2094.8714285714286,351.9400515442263
2015-09-01,2352.85,146,61,4545.4702380952385,1,1,9,3,0,2081.35,1958.9,1910.15,2151.15,358.0187541642668
2015-09-02,1865.55,111,48,3744.434523809524,2,2,9,3,0,2352.85,2329.4,1982.25,2084.885714285714,362.42750506628454
2015-09-03,2252.6,138,59,4081.9285714285716,3,3,9,3,0,1865.55,2117.65,2090.15,2104.1642857142856,368.00704671048317
2015-09-04,2960.95,179,66,5943.476190476191,4,4,9,3,0,2252.6,2647.2,2094.85,2148.985714285714,454.1854189226083
2015-09-05,2537.8,153,59,5063.065476190476,5,5,9,3,1,2960.95,2035.0,2099.25,2220.8142857142857,472.5418444560283
2015-09-06,1491.65,92,47,2937.5238095238096,6,6,9,3,1,2537.8,1494.6,2626.4,2220.3928571428573,473.29816045541173
2015-09-07,2283.35,140,60,4798.988095238095,0,7,9,3,0,1491.65,2081.35,2716.4,2249.25,469.5509264179983
2015-09-08,2249.5,133,61,4584.5,1,8,9,3,0,2283.35,2352.85,2002.65,2234.4857142857145,467.37024020424315
2015-09-09,2580.1,157,59,5259.9702380952385,2,9,9,3,0,2249.5,1865.55,2139.45,2336.5642857142857,451.1106809072158
2015-09-10,2415.85,148,62,4916.738095238095,3,10,9,3,0,2580.1,2252.6,2290.0,2359.8857142857137,450.26549178816543
2015-09-11,2761.9,167,77,5223.077380952381,4,11,9,3,0,2415.85,2960.95,2365.75,2331.45,410.5100810780012
2015-09-12,2588.15,156,67,5062.184523809524,5,12,9,3,1,2761.9,2537.8,2074.15,2338.6428571428573,415.14326184721256
2015-09-13,1838.15,108,49,3481.095238095238,6,13,9,3,1,2588.15,1491.65,3016.6,2388.1428571428573,302.76724204765486
2015-09-14,2165.25,129,60,4417.303571428572,0,14,9,3,0,1838.15,2283.35,2252.35,2371.2714285714287,312.7073137098322
2015-09-15,2550.2,158,65,4877.988095238095,1,15,9,3,0,2165.25,2249.5,2139.3,2414.2285714285717,313.8431466740767
2015-09-16,2185.25,136,61,4237.077380952381,2,16,9,3,0,2550.2,2580.1,2626.0,2357.8214285714284,314.544808489378
2015-09-17,2242.05,138,58,4449.041666666667,3,17,9,3,0,2185.25,2415.85,2101.2,2332.9928571428572,316.05672543149063
2015-09-18,2721.55,164,72,5337.988095238095,4,18,9,3,0,2242.05,2761.9,2332.95,2327.2285714285713,307.1736341999741
2015-09-19,2286.55,141,59,4183.714285714285,5,19,9,3,1,2721.55,2588.15,1907.7,2284.1428571428573,284.8139603738028
2015-09-20,1829.0,108,48,3728.160714285714,6,20,9,3,1,2286.55,1838.15,2601.4,2282.8357142857144,287.21286634696344
2015-09-21,2131.45,132,57,4047.1071428571427,0,21,9,3,0,1829.0,2165.25,2406.0,2278.0071428571428,289.7917102974884
2015-09-22,2170.4,131,54,4014.2261904761904,1,22,9,3,0,2131.45,2550.2,1701.6,2223.75,264.81405268603237
2015-09-23,2163.0,133,60,4482.892857142857,2,23,9,3,0,2170.4,2185.25,1697.05,2220.5714285714284,265.4858703979425
2015-09-26,2246.85,139,56,4705.666666666667,5,26,9,3,1,2163.0,2242.05,1958.9,2221.2571428571428,265.5567821084791
2015-09-27,2314.7,139,61,4438.065476190476,6,27,9,3,1,2246.85,2721.55,2329.4,2163.1357142857146,162.23149538618873
2015-09-28,2035.3,121,53,3795.9583333333335,0,28,9,3,0,2314.7,2286.55,2117.65,2127.242857142857,158.11765247375288
2015-09-29,2762.05,163,60,5676.297619047619,1,29,9,3,0,2035.3,1829.0,2647.2,2260.535714285714,237.9319085268699
2015-09-30,2198.05,130,62,4509.369047619048,2,30,9,3,0,2762.05,2131.45,2035.0,2270.05,233.19421447940627
2015-10-01,3202.15,194,84,6232.863095238095,3,1,10,4,0,2198.05,2170.4,1494.6,2417.4428571428575,414.9467751296261
2015-10-02,2074.85,125,61,4035.440476190476,4,2,10,4,0,3202.15,2163.0,2081.35,2404.85,425.167338624845
2015-10-03,2400.95,147,61,4936.553571428572,5,3,10,4,1,2074.85,2246.85,2352.85,2426.8642857142854,419.5756593614216
2015-10-04,2142.2,128,52,4136.25,6,4,10,4,1,2400.95,2314.7,1865.55,2402.2214285714285,432.13895128105037
2015-10-06,2215.95,136,61,4214.226190476191,1,6,10,4,0,2142.2,2035.3,2252.6,2428.0285714285715,411.4746021497389
2015-10-07,2092.35,133,61,3767.0178571428573,2,7,10,4,0,2215.95,2762.05,2960.95,2332.3571428571427,398.51949390689776
2015-10-08,1975.85,119,49,4127.797619047619,3,8,10,4,0,2092.35,2198.05,2537.8,2300.6142857142854,419.30744360421903
2015-10-09,2512.6,147,60,4982.738095238095,4,9,10,4,0,1975.85,3202.15,1491.65,2202.1071428571427,191.11867697971567
2015-10-10,2310.2,141,61,4930.053571428572,5,10,10,4,1,2512.6,2074.85,2283.35,2235.7285714285713,185.62281392010968
2015-10-11,1916.25,118,42,3575.7976190476193,6,11,10,4,1,2310.2,2400.95,2249.5,2166.485714285714,203.28198746709518
2015-10-13,2325.95,141,58,4713.535714285715,1,13,10,4,0,1916.25,2142.2,2580.1,2192.735714285714,211.32795349544307
2015-10-14,2146.35,132,57,4249.392857142857,2,14,10,4,0,2325.95,2215.95,2415.85,2182.792857142857,211.6907068275403
2015-10-15,4320.2,262,107,8098.922619047619,3,15,10,4,0,2146.35,2092.35,2761.9,2501.057142857143,828.6698203690513
2015-10-16,2555.1,153,64,5211.255952380952,4,16,10,4,0,4320.2,1975.85,2588.15,2583.8071428571425,795.749874556787
2015-10-17,2339.8,140,55,4270.928571428572,5,17,10,4,1,2555.1,2512.6,1838.15,2559.121428571428,800.9900659273404
2015-10-18,1795.3,105,45,3565.0059523809523,6,18,10,4,1,2339.8,2310.2,2165.25,2485.5642857142857,849.8134342873368
2015-10-20,2437.15,154,63,4752.690476190476,1,20,10,4,0,1795.3,1916.25,2550.2,2559.9785714285713,813.6911805967616
2015-10-21,2460.5,149,56,5015.392857142857,2,21,10,4,0,2437.15,2325.95,2185.25,2579.2000000000003,808.8160477924915
2015-10-22,2400.9,145,57,4768.910714285715,3,22,10,4,0,2460.5,2146.35,2242.05,2615.5642857142857,791.6518209384965
2015-10-23,2610.65,154,72,5229.1547619047615,4,23,10,4,0,2400.9,4320.2,2721.55,2371.342857142857,269.8790229414091
2015-10-24,2679.5,160,59,5719.583333333333,5,24,10,4,1,2610.65,2555.1,2286.55,2389.1142857142854,287.51564988461325
2015-10-25,1837.05,114,45,3692.1011904761904,6,25,10,4,1,2679.5,2339.8,1829.0,2317.2928571428574,356.4235184774003
2015-10-27,1988.65,120,62,3952.1428571428573,1,27,10,4,0,1837.05,1795.3,2131.45,2344.914285714286,314.2226727899154
2015-10-28,1635.95,104,63,3139.1964285714284,2,28,10,4,0,1988.65,2437.15,2170.4,2230.457142857143,407.1926647061272
2015-10-29,2169.75,131,59,4360.541666666667,3,29,10,4,0,1635.95,2460.5,2163.0,2188.921428571429,394.4456720694069
2015-10-30,2736.6,166,63,5770.815476190476,4,30,10,4,0,2169.75,2400.9,2246.85,2236.878571428572,442.04864349332183
2015-10-31,2744.85,165,69,5222.523809523809,5,31,10,4,1,2736.6,2610.65,2314.7,2256.0499999999997,463.3571525652037
2015-11-01,1986.65,124,55,3921.547619047619,6,1,11,4,1,2744.85,2679.5,2035.3,2157.0714285714284,430.67548867751856
2015-11-02,2299.1,138,56,4484.422619047619,0,2,11,4,0,1986.65,1837.05,2762.05,2223.078571428571,408.2785118204066
2015-11-03,1828.55,114,49,3587.2916666666665,1,3,11,4,0,2299.1,1988.65,2198.05,2200.207142857143,427.62568954301975
2015-11-04,1966.1,121,49,3908.125,2,4,11,4,0,1828.55,1635.95,3202.15,2247.371428571428,369.2404646220209
2015-11-05,2180.35,124,58,4714.077380952381,3,5,11,4,0,1966.1,2169.75,2074.85,2248.885714285714,368.8906474307866
2015-11-06,3157.5,190,73,6300.327380952381,4,6,11,4,0,2180.35,2736.6,2400.95,2309.0142857142855,479.38996627161987
2015-11-07,2580.95,156,61,5296.113095238095,5,7,11,4,1,3157.5,2744.85,2142.2,2285.6,458.0842535313056
2015-11-08,2110.15,127,48,4421.6547619047615,6,8,11,4,1,2580.95,1986.65,2215.95,2303.242857142857,446.89294153127577
2015-11-09,2483.75,151,61,4941.446428571428,0,9,11,4,0,2110.15,2299.1,2092.35,2329.6214285714286,452.02777740711804
2015-11-10,2042.6,126,62,4100.327380952381,1,10,11,4,0,2483.75,1828.55,1975.85,2360.2,418.47701051949474
2015-11-11,1946.2,118,48,3932.422619047619,2,11,11,4,0,2042.6,1966.1,2512.6,2357.3571428571427,421.6559946889678
2015-11-12,2564.8,153,59,4737.666666666667,3,12,11,4,0,1946.2,2180.35,2310.2,2412.2785714285715,419.7914431170382
2015-11-13,2264.55,141,67,4730.767857142857,4,13,11,4,0,2564.8,3157.5,1916.25,2284.714285714286,261.37755532671804
2015-11-14,2324.75,142,58,4753.619047619048,5,14,11,4,1,2264.55,2580.95,2325.95,2248.1142857142854,228.90307212567433
2015-11-15,1821.65,113,45,3497.410714285714,6,15,11,4,1,2324.75,2110.15,2146.35,2206.9,278.4860918130987
2015-11-16,2256.65,136,61,4549.714285714285,0,16,11,4,0,1821.65,2483.75,4320.2,2174.457142857143,252.9124971022124
2015-11-17,1956.55,117,49,3907.5416666666665,1,17,11,4,0,2256.65,2042.6,2555.1,2162.164285714286,262.3063741668736
2015-11-18,2111.7,130,46,4038.2083333333335,2,18,11,4,0,1956.55,1946.2,2339.8,2185.807142857143,246.58365116894896
2015-11-19,2694.9,162,67,5372.898809523809,3,19,11,4,0,2111.7,2564.8,1795.3,2204.3928571428573,282.23599231342405
2015-11-20,2388.1,148,65,4498.25,4,20,11,4,0,2694.9,2264.55,2437.15,2222.042857142857,290.3709429743441
2015-11-21,2083.95,131,61,4143.107142857143,5,21,11,4,1,2388.1,2324.75,2460.5,2187.6428571428573,290.4390547495462
2015-11-22,1368.7,84,43,2552.5178571428573,6,22,11,4,1,2083.95,1821.65,2400.9,2122.9357142857143,411.0021489342506
2015-11-23,2465.15,148,56,4504.678571428572,0,23,11,4,0,1368.7,2256.65,2610.65,2152.7214285714285,429.44875213963087
2015-11-24,2230.05,131,52,4496.535714285715,1,24,11,4,0,2465.15,1956.55,2679.5,2191.792857142857,420.98452607011166
2015-11-25,2363.25,144,61,4818.113095238095,2,25,11,4,0,2230.05,2111.7,1837.05,2227.7285714285713,423.7355473023467
2015-11-26,4405.95,266,113,8463.630952380952,3,26,11,4,0,2363.25,2694.9,1988.65,2472.164285714286,929.6476575896397
2015-11-27,4422.45,264,115,8610.630952380952,4,27,11,4,0,4405.95,2388.1,1635.95,2762.785714285714,1182.5671554976923
2015-11-28,1968.05,118,48,3998.4166666666665,5,28,11,4,1,4422.45,2083.95,2169.75,2746.2285714285713,1194.407692769775
2015-11-29,1899.0,115,46,3789.1011904761904,6,29,11,4,1,1968.05,1368.7,2736.6,2821.985714285714,1106.0210737572934
2015-11-30,2223.25,134,60,4525.666666666667,0,30,11,4,0,1899.0,2465.15,2744.85,2787.4285714285716,1122.6819859370762
2015-12-01,2076.7,131,61,4117.648809523809,1,1,12,4,0,2223.25,2230.05,1986.65,2765.5214285714283,1136.7786224888368
2015-12-02,2214.1,132,59,4430.4702380952385,2,2,12,4,0,2076.7,2363.25,2299.1,2744.214285714286,1146.9277184847222
2015-12-03,2243.2,136,56,4218.511904761905,3,3,12,4,0,2214.1,4405.95,1828.55,2435.25,886.387459485598
2015-12-04,2878.35,176,72,5831.6547619047615,4,4,12,4,0,2243.2,4422.45,1966.1,2214.6642857142856,321.67886122949545
2015-12-05,2627.95,160,61,5042.666666666667,5,5,12,4,1,2878.35,1968.05,2180.35,2308.9357142857143,333.82642659807203
2015-12-06,2350.25,144,55,4845.255952380952,6,6,12,4,1,2627.95,1899.0,3157.5,2373.4,280.8352334258168
2015-12-07,2414.8,150,59,4782.196428571428,0,7,12,4,0,2350.25,2223.25,2580.95,2400.7642857142855,272.98897370022905
2015-12-08,1856.25,110,50,3848.1964285714284,1,8,12,4,0,2414.8,2076.7,2110.15,2369.2714285714283,324.4671078054272
2015-12-09,2571.55,160,65,4997.136904761905,2,9,12,4,0,1856.25,2214.1,2483.75,2420.335714285714,324.1036211798694
2015-12-10,1985.6,118,62,4048.25,3,10,12,4,0,2571.55,2243.2,2042.6,2383.535714285714,360.1845229812599
2015-12-11,2634.0,164,73,5138.101190476191,4,11,12,4,0,1985.6,2878.35,1946.2,2348.628571428572,312.985346910925
2015-12-12,1960.15,127,56,3616.6369047619046,5,12,12,4,1,2634.0,2627.95,2564.8,2253.2285714285713,315.42193547841964
2015-12-13,2245.15,130,52,4315.505952380952,6,13,12,4,1,1960.15,2350.25,2264.55,2238.214285714286,312.5220228430386
2015-12-14,2172.6,131,58,4113.714285714285,0,14,12,4,0,2245.15,2414.8,2324.75,2203.614285714286,302.9748858050309
2015-12-15,2387.45,146,58,4557.202380952381,1,15,12,4,0,2172.6,1856.25,1821.65,2279.5,265.70215781334275
2015-12-16,2234.8,133,69,4527.601190476191,2,16,12,4,0,2387.45,2571.55,2256.65,2231.3928571428573,232.4114982607562
2015-12-17,1880.75,113,57,3589.410714285714,3,17,12,4,0,2234.8,1985.6,1956.55,2216.4142857142856,253.32995893742634
2015-12-18,2886.3,176,76,6016.172619047619,4,18,12,4,0,1880.75,2634.0,2111.7,2252.457142857143,329.22429971648427
2015-12-19,2304.2,139,59,4692.851190476191,5,19,12,4,1,2886.3,1960.15,2694.9,2301.6071428571427,302.9454398465329
2015-12-20,2104.9,124,53,4242.369047619048,6,20,12,4,1,2304.2,2245.15,2388.1,2281.5714285714284,311.809749496311
2015-12-21,2100.7,130,55,4317.952380952381,0,21,12,4,0,2104.9,2172.6,2083.95,2271.3,317.13643357394284
2015-12-22,1882.95,114,58,3930.3333333333335,1,22,12,4,0,2100.7,2387.45,1368.7,2199.2285714285713,342.6412042953277
2015-12-23,2244.3,134,56,4494.625,2,23,12,4,0,1882.95,2234.8,2465.15,2200.5857142857144,342.82434364443577
2015-12-24,2137.85,131,56,4369.636904761905,3,24,12,4,0,2244.3,1880.75,2230.05,2237.3142857142857,315.5337154651433
2015-12-26,1643.05,95,38,3553.8690476190477,5,26,12,4,1,2137.85,2886.3,2363.25,2059.707142857143,226.7622312551415
2015-12-27,1419.0,89,35,2767.970238095238,6,27,12,4,1,1643.05,2304.2,4405.95,1933.25,302.02529695375085
2015-12-28,1637.2,102,39,3289.0059523809523,0,28,12,4,0,1419.0,2104.9,4422.45,1866.4357142857145,309.36723554470524
2015-12-29,1353.25,80,27,2758.25,1,29,12,4,0,1637.2,2100.7,1968.05,1759.6571428571428,342.27588705187094
2015-12-30,1337.8,82,32,2372.8571428571427,2,30,12,4,0,1353.25,1882.95,1899.0,1681.7785714285715,370.4104737282973
2015-12-31,2916.0,178,73,5445.327380952381,3,31,12,4,0,1337.8,2244.3,2223.25,1777.7357142857143,572.3695307770207
